Project Name,Transacted Price ($),Area (SQFT),Unit Price ($ PSF),Sale Date,Street Name,Type of Sale,Type of Area,Area (SQM),Unit Price ($ PSM),Nett Price($),Property Type,Number of Units,Tenure,Postal District,Market Segment,Floor Level
THE FLORENCE RESIDENCES,"1,021,000",721.19,"1,416",Mar-19,HOUGANG AVENUE 2,New Sale,Strata,67,"15,239",-,Apartment,1,99 yrs lease commencing from 2018,19,Outside Central Region,06 to 10
THE FLORENCE RESIDENCES,"1,399,000",990.29,"1,413",Mar-19,HOUGANG AVENUE 2,New Sale,Strata,92,"15,207",-,Apartment,1,99 yrs lease commencing from 2018,19,Outside Central Region,06 to 10
THE FLORENCE RESIDENCES,"1,706,000","1,270.15","1,343",Mar-19,HOUGANG AVENUE 2,New Sale,Strata,118,"14,458",-,Apartment,1,99 yrs lease commencing from 2018,19,Outside Central Region,06 to 10
THE FLORENCE RESIDENCES,"742,000",527.44,"1,407",Mar-19,HOUGANG AVENUE 2,New Sale,Strata,49,"15,143",-,Apartment,1,99 yrs lease commencing from 2018,19,Outside Central Region,01 to 05
THE FLORENCE RESIDENCES,"1,045,000",721.19,"1,449",Mar-19,HOUGANG AVENUE 2,New Sale,Strata,67,"15,597",-,Apartment,1,99 yrs lease commencing from 2018,19,Outside Central Region,11 to 15
THE FLORENCE RESIDENCES,"1,061,000",721.19,"1,471",Mar-19,HOUGANG AVENUE 2,New Sale,Strata,67,"15,836",-,Apartment,1,99 yrs lease commencing from 2018,19,Outside Central Region,16 to 20
THE FLORENCE RESIDENCES,"1,007,000",721.19,"1,396",Mar-19,HOUGANG AVENUE 2,New Sale,Strata,67,"15,030",-,Apartment,1,99 yrs lease commencing from 2018,19,Outside Central Region,01 to 05
THE FLORENCE RESIDENCES,"1,507,000",990.29,"1,522",Mar-19,HOUGANG AVENUE 2,New Sale,Strata,92,"16,380",-,Apartment,1,99 yrs lease commencing from 2018,19,Outside Central Region,06 to 10
THE FLORENCE RESIDENCES,"957,000",667.37,"1,434",Mar-19,HOUGANG AVENUE 2,New Sale,Strata,62,"15,435",-,Apartment,1,99 yrs lease commencing from 2018,19,Outside Central Region,06 to 10
THE FLORENCE RESIDENCES,"1,031,000",721.19,"1,430",Mar-19,HOUGANG AVENUE 2,New Sale,Strata,67,"15,388",-,Apartment,1,99 yrs lease commencing from 2018,19,Outside Central Region,06 to 10
THE FLORENCE RESIDENCES,"934,000",635.08,"1,471",Mar-19,HOUGANG AVENUE 2,New Sale,Strata,59,"15,831",-,Apartment,1,99 yrs lease commencing from 2018,19,Outside Central Region,06 to 10
THE FLORENCE RESIDENCES,"1,348,000",936.47,"1,439",Mar-19,HOUGANG AVENUE 2,New Sale,Strata,87,"15,494",-,Apartment,1,99 yrs lease commencing from 2018,19,Outside Central Region,11 to 15
THE FLORENCE RESIDENCES,"985,000",667.37,"1,476",Mar-19,HOUGANG AVENUE 2,New Sale,Strata,62,"15,887",-,Apartment,1,99 yrs lease commencing from 2018,19,Outside Central Region,11 to 15
THE FLORENCE RESIDENCES,"1,845,000","1,280.92","1,440",Mar-19,HOUGANG AVENUE 2,New Sale,Strata,119,"15,504",-,Apartment,1,99 yrs lease commencing from 2018,19,Outside Central Region,01 to 05
THE FLORENCE RESIDENCES,"1,384,000",914.94,"1,513",Mar-19,HOUGANG AVENUE 2,New Sale,Strata,85,"16,282",-,Apartment,1,99 yrs lease commencing from 2018,19,Outside Central Region,06 to 10
THE FLORENCE RESIDENCES,"725,000",527.44,"1,375",Mar-19,HOUGANG AVENUE 2,New Sale,Strata,49,"14,796",-,Apartment,1,99 yrs lease commencing from 2018,19,Outside Central Region,01 to 05
THE FLORENCE RESIDENCES,"740,000",527.44,"1,403",Mar-19,HOUGANG AVENUE 2,New Sale,Strata,49,"15,102",-,Apartment,1,99 yrs lease commencing from 2018,19,Outside Central Region,06 to 10
THE FLORENCE RESIDENCES,"1,373,000","1,001.05","1,372",Mar-19,HOUGANG AVENUE 2,New Sale,Strata,93,"14,763",-,Apartment,1,99 yrs lease commencing from 2018,19,Outside Central Region,06 to 10
THE FLORENCE RESIDENCES,"689,000",484.38,"1,422",Mar-19,HOUGANG AVENUE 2,New Sale,Strata,45,"15,311",-,Apartment,1,99 yrs lease commencing from 2018,19,Outside Central Region,06 to 10
THE FLORENCE RESIDENCES,"750,000",527.44,"1,422",Mar-19,HOUGANG AVENUE 2,New Sale,Strata,49,"15,306",-,Apartment,1,99 yrs lease commencing from 2018,19,Outside Central Region,06 to 10
THE FLORENCE RESIDENCES,"1,389,000","1,011.82","1,373",Mar-19,HOUGANG AVENUE 2,New Sale,Strata,94,"14,777",-,Apartment,1,99 yrs lease commencing from 2018,19,Outside Central Region,06 to 10
THE FLORENCE RESIDENCES,"1,404,000","1,011.82","1,388",Mar-19,HOUGANG AVENUE 2,New Sale,Strata,94,"14,936",-,Apartment,1,99 yrs lease commencing from 2018,19,Outside Central Region,06 to 10
THE FLORENCE RESIDENCES,"1,400,000","1,001.05","1,399",Mar-19,HOUGANG AVENUE 2,New Sale,Strata,93,"15,054",-,Apartment,1,99 yrs lease commencing from 2018,19,Outside Central Region,06 to 10
THE FLORENCE RESIDENCES,"1,412,000","1,001.05","1,411",Mar-19,HOUGANG AVENUE 2,New Sale,Strata,93,"15,183",-,Apartment,1,99 yrs lease commencing from 2018,19,Outside Central Region,06 to 10
THE FLORENCE RESIDENCES,"1,424,000","1,001.05","1,423",Mar-19,HOUGANG AVENUE 2,New Sale,Strata,93,"15,312",-,Apartment,1,99 yrs lease commencing from 2018,19,Outside Central Region,11 to 15
THE FLORENCE RESIDENCES,"1,440,000","1,011.82","1,423",Mar-19,HOUGANG AVENUE 2,New Sale,Strata,94,"15,319",-,Apartment,1,99 yrs lease commencing from 2018,19,Outside Central Region,11 to 15
THE FLORENCE RESIDENCES,"1,538,000","1,087.16","1,415",Mar-19,HOUGANG AVENUE 2,New Sale,Strata,101,"15,228",-,Apartment,1,99 yrs lease commencing from 2018,19,Outside Central Region,11 to 15
THE FLORENCE RESIDENCES,"1,550,000","1,087.16","1,426",Mar-19,HOUGANG AVENUE 2,New Sale,Strata,101,"15,347",-,Apartment,1,99 yrs lease commencing from 2018,19,Outside Central Region,16 to 20
THE FLORENCE RESIDENCES,"924,000",645.84,"1,431",Mar-19,HOUGANG AVENUE 2,New Sale,Strata,60,"15,400",-,Apartment,1,99 yrs lease commencing from 2018,19,Outside Central Region,01 to 05
THE FLORENCE RESIDENCES,"911,000",624.31,"1,459",Mar-19,HOUGANG AVENUE 2,New Sale,Strata,58,"15,707",-,Apartment,1,99 yrs lease commencing from 2018,19,Outside Central Region,01 to 05
THE FLORENCE RESIDENCES,"1,017,000",699.66,"1,454",Mar-19,HOUGANG AVENUE 2,New Sale,Strata,65,"15,646",-,Apartment,1,99 yrs lease commencing from 2018,19,Outside Central Region,01 to 05
THE FLORENCE RESIDENCES,"702,000",473.62,"1,482",Mar-19,HOUGANG AVENUE 2,New Sale,Strata,44,"15,955",-,Apartment,1,99 yrs lease commencing from 2018,19,Outside Central Region,01 to 05
THE FLORENCE RESIDENCES,"900,000",624.31,"1,442",Mar-19,HOUGANG AVENUE 2,New Sale,Strata,58,"15,517",-,Apartment,1,99 yrs lease commencing from 2018,19,Outside Central Region,01 to 05
THE FLORENCE RESIDENCES,"1,748,000","1,291.68","1,353",Mar-19,HOUGANG AVENUE 2,New Sale,Strata,120,"14,567",-,Apartment,1,99 yrs lease commencing from 2018,19,Outside Central Region,06 to 10
THE FLORENCE RESIDENCES,"954,000",645.84,"1,477",Mar-19,HOUGANG AVENUE 2,New Sale,Strata,60,"15,900",-,Apartment,1,99 yrs lease commencing from 2018,19,Outside Central Region,06 to 10
THE FLORENCE RESIDENCES,"1,377,000",936.47,"1,470",Mar-19,HOUGANG AVENUE 2,New Sale,Strata,87,"15,828",-,Apartment,1,99 yrs lease commencing from 2018,19,Outside Central Region,11 to 15
THE FLORENCE RESIDENCES,"1,049,000",699.66,"1,499",Mar-19,HOUGANG AVENUE 2,New Sale,Strata,65,"16,138",-,Apartment,1,99 yrs lease commencing from 2018,19,Outside Central Region,11 to 15
THE FLORENCE RESIDENCES,"726,000",473.62,"1,533",Mar-19,HOUGANG AVENUE 2,New Sale,Strata,44,"16,500",-,Apartment,1,99 yrs lease commencing from 2018,19,Outside Central Region,11 to 15
THE FLORENCE RESIDENCES,"1,291,000",925.7,"1,395",Mar-19,HOUGANG AVENUE 2,New Sale,Strata,86,"15,012",-,Apartment,1,99 yrs lease commencing from 2018,19,Outside Central Region,06 to 10
THE FLORENCE RESIDENCES,"933,000",635.08,"1,469",Mar-19,HOUGANG AVENUE 2,New Sale,Strata,59,"15,814",-,Apartment,1,99 yrs lease commencing from 2018,19,Outside Central Region,01 to 05
THE FLORENCE RESIDENCES,"1,434,000","1,119.46","1,281",Mar-19,HOUGANG AVENUE 2,New Sale,Strata,104,"13,788",-,Apartment,1,99 yrs lease commencing from 2018,19,Outside Central Region,16 to 20
MAYFAIR GARDENS,"2,035,000","1,065.64","1,910",Mar-19,RIFLE RANGE ROAD,New Sale,Strata,99,"20,556",-,Condominium,1,99 yrs lease commencing from 2018,21,Rest of Central Region,01 to 05
FOREST WOODS,"1,977,000","1,248.62","1,583",Mar-19,LORONG LEW LIAN,New Sale,Strata,116,"17,043",-,Condominium,1,99 yrs lease commencing from 2016,19,Outside Central Region,01 to 05
ESTELLA GARDENS,"1,180,000","1,323.97",891,Mar-19,FLORA ROAD,Resale,Strata,123,"9,593",-,Condominium,1,Freehold,17,Outside Central Region,06 to 10
AFFINITY AT SERANGOON,"939,000",613.55,"1,530",Mar-19,SERANGOON NORTH AVENUE 1,New Sale,Strata,57,"16,474",-,Apartment,1,99 yrs lease commencing from 2018,19,Outside Central Region,11 to 15
THE GARDEN RESIDENCES,"943,400",613.55,"1,538",Mar-19,SERANGOON NORTH VIEW,New Sale,Strata,57,"16,551",-,Apartment,1,99 yrs lease commencing from 2017,19,Outside Central Region,06 to 10
RIVERFRONT RESIDENCES,"1,174,000",914.94,"1,283",Mar-19,HOUGANG AVENUE 7,New Sale,Strata,85,"13,812",-,Apartment,1,99 yrs lease commencing from 2018,19,Outside Central Region,01 to 05
RIVERFRONT RESIDENCES,"1,399,000","1,108.69","1,262",Mar-19,HOUGANG AVENUE 7,New Sale,Strata,103,"13,583",-,Apartment,1,99 yrs lease commencing from 2018,19,Outside Central Region,01 to 05
RIVERFRONT RESIDENCES,"684,000",516.67,"1,324",Mar-19,HOUGANG AVENUE 7,New Sale,Strata,48,"14,250",-,Apartment,1,99 yrs lease commencing from 2018,19,Outside Central Region,06 to 10
RIVERFRONT RESIDENCES,"614,000",462.85,"1,327",Mar-19,HOUGANG AVENUE 7,New Sale,Strata,43,"14,279",-,Apartment,1,99 yrs lease commencing from 2018,19,Outside Central Region,11 to 15
RIVERFRONT RESIDENCES,"685,000",462.85,"1,480",Mar-19,HOUGANG AVENUE 7,New Sale,Strata,43,"15,930",-,Apartment,1,99 yrs lease commencing from 2018,19,Outside Central Region,16 to 20
RIVERFRONT RESIDENCES,"1,355,000","1,065.64","1,272",Mar-19,HOUGANG AVENUE 7,New Sale,Strata,99,"13,687",-,Apartment,1,99 yrs lease commencing from 2018,19,Outside Central Region,06 to 10
RIVERFRONT RESIDENCES,"832,000",602.78,"1,380",Mar-19,HOUGANG AVENUE 7,New Sale,Strata,56,"14,857",-,Apartment,1,99 yrs lease commencing from 2018,19,Outside Central Region,11 to 15
RIVERFRONT RESIDENCES,"852,000",613.55,"1,389",Mar-19,HOUGANG AVENUE 7,New Sale,Strata,57,"14,947",-,Apartment,1,99 yrs lease commencing from 2018,19,Outside Central Region,11 to 15
AMBER SKYE,"2,528,000","1,216.33","2,078",Mar-19,AMBER ROAD,Resale,Strata,113,"22,372",-,Apartment,1,Freehold,15,Rest of Central Region,16 to 20
SKY VUE,"1,200,000",678.13,"1,770",Mar-19,BISHAN STREET 15,Resale,Strata,63,"19,048",-,Condominium,1,99 yrs lease commencing from 2013,20,Rest of Central Region,21 to 25
WATERTOWN,"780,000",602.78,"1,294",Mar-19,PUNGGOL CENTRAL,Sub Sale,Strata,56,"13,929",-,Apartment,1,99 yrs lease commencing from 2011,19,Outside Central Region,06 to 10
PARC OLYMPIA,"645,000",645.84,999,Mar-19,FLORA DRIVE,Resale,Strata,60,"10,750",-,Condominium,1,99 yrs lease commencing from 2012,17,Outside Central Region,01 to 05
WATERTOWN,"750,000",527.44,"1,422",Mar-19,PUNGGOL CENTRAL,Sub Sale,Strata,49,"15,306",-,Apartment,1,99 yrs lease commencing from 2011,19,Outside Central Region,01 to 05
WATERVIEW,"1,180,000","1,130.22","1,044",Mar-19,TAMPINES AVENUE 1,Resale,Strata,105,"11,238",-,Condominium,1,99 yrs lease commencing from 2010,18,Outside Central Region,11 to 15
JANSEN SPRING,"1,100,000","1,463.9",751,Mar-19,JANSEN ROAD,Resale,Strata,136,"8,088",-,Apartment,1,999 yrs lease commencing from 1878,19,Outside Central Region,01 to 05
KOVAN REGENCY,"1,480,000","1,130.22","1,309",Mar-19,KOVAN RISE,Resale,Strata,105,"14,095",-,Condominium,1,99 yrs lease commencing from 2012,19,Outside Central Region,06 to 10
THE SUMMIT,"1,550,000","1,248.62","1,241",Mar-19,UPPER EAST COAST ROAD,Resale,Strata,116,"13,362",-,Condominium,1,Freehold,16,Outside Central Region,01 to 05
THE GARDEN RESIDENCES,"689,100",452.09,"1,524",Feb-19,SERANGOON NORTH VIEW,New Sale,Strata,42,"16,407",-,Apartment,1,99 yrs lease commencing from 2017,19,Outside Central Region,06 to 10
Q BAY RESIDENCES,"645,000",516.67,"1,248",Feb-19,TAMPINES STREET 86,Resale,Strata,48,"13,438",-,Condominium,1,99 yrs lease commencing from 2012,18,Outside Central Region,11 to 15
THE JOVELL,"615,000",452.09,"1,360",Feb-19,FLORA DRIVE,New Sale,Strata,42,"14,643",-,Condominium,1,99 yrs lease commencing from 2018,17,Outside Central Region,01 to 05
KOVAN MELODY,"1,530,000","1,291.68","1,185",Feb-19,KOVAN ROAD,Resale,Strata,120,"12,750",-,Condominium,1,99 yrs lease commencing from 2004,19,Outside Central Region,16 to 20
RIO VISTA,"1,868,000","2,572.6",726,Feb-19,UPPER SERANGOON VIEW,Resale,Strata,239,"7,816",-,Condominium,1,99 yrs lease commencing from 2001,19,Outside Central Region,16 to 20
AFFINITY AT SERANGOON,"720,000",473.62,"1,520",Feb-19,SERANGOON NORTH AVENUE 1,New Sale,Strata,44,"16,364",-,Apartment,1,99 yrs lease commencing from 2018,19,Outside Central Region,06 to 10
AFFINITY AT SERANGOON,"1,265,000",850.36,"1,488",Feb-19,SERANGOON NORTH AVENUE 1,New Sale,Strata,79,"16,013",-,Apartment,1,99 yrs lease commencing from 2018,19,Outside Central Region,06 to 10
THE SEA VIEW,"2,750,000","1,646.89","1,670",Feb-19,AMBER ROAD,Resale,Strata,153,"17,974",-,Condominium,1,Freehold,15,Rest of Central Region,01 to 05
RIVERFRONT RESIDENCES,"828,000",602.78,"1,374",Feb-19,HOUGANG AVENUE 7,New Sale,Strata,56,"14,786",-,Apartment,1,99 yrs lease commencing from 2018,19,Outside Central Region,11 to 15
KINGSFORD WATERBAY,"1,280,000","1,097.93","1,166",Feb-19,UPPER SERANGOON VIEW,Sub Sale,Strata,102,"12,549",-,Apartment,1,99 yrs lease commencing from 2014,19,Outside Central Region,16 to 20
RIVERSAILS,"1,180,000","1,108.69","1,064",Feb-19,UPPER SERANGOON CRESCENT,Resale,Strata,103,"11,456",-,Condominium,1,99 yrs lease commencing from 2011,19,Outside Central Region,11 to 15
THE BAYSHORE,"888,000",947.23,937,Feb-19,BAYSHORE ROAD,Resale,Strata,88,"10,091",-,Condominium,1,99 yrs lease commencing from 1993,16,Outside Central Region,01 to 05
COASTARINA,"1,400,000","1,130.22","1,239",Feb-19,EAST COAST ROAD,Resale,Strata,105,"13,333",-,Apartment,1,Freehold,15,Outside Central Region,01 to 05
THE STERLING,"3,250,000","1,937.52","1,677",Feb-19,BUKIT TIMAH ROAD,Resale,Strata,180,"18,056",-,Condominium,1,Freehold,21,Rest of Central Region,06 to 10
RIPPLE BAY,"565,000",484.38,"1,166",Feb-19,PASIR RIS LINK,Resale,Strata,45,"12,556",-,Condominium,1,99 yrs lease commencing from 2011,18,Outside Central Region,01 to 05
BREEZE BY THE EAST,"1,530,000","1,248.62","1,225",Feb-19,UPPER EAST COAST ROAD,Resale,Strata,116,"13,190",-,Condominium,1,Freehold,16,Outside Central Region,01 to 05
HAIG COURT,"1,850,000","1,399.32","1,322",Feb-19,HAIG ROAD,Resale,Strata,130,"14,231",-,Condominium,1,Freehold,15,Rest of Central Region,06 to 10
COCO PALMS,"1,190,000",904.18,"1,316",Feb-19,PASIR RIS GROVE,Resale,Strata,84,"14,167",-,Condominium,1,99 yrs lease commencing from 2008,18,Outside Central Region,11 to 15
WATERTOWN,"1,600,000","1,108.69","1,443",Feb-19,PUNGGOL CENTRAL,Sub Sale,Strata,103,"15,534",-,Apartment,1,99 yrs lease commencing from 2011,19,Outside Central Region,11 to 15
GRANDEUR 8,"1,350,000","1,227.1","1,100",Feb-19,ANG MO KIO CENTRAL 3,Resale,Strata,114,"11,842",-,Condominium,1,99 yrs lease commencing from 2002,20,Outside Central Region,11 to 15
THOMSON GRAND,"1,250,000",904.18,"1,382",Feb-19,SIN MING WALK,Resale,Strata,84,"14,881",-,Condominium,1,99 yrs lease commencing from 2010,20,Rest of Central Region,01 to 05
MABELLE,"910,000",731.95,"1,243",Feb-19,LORONG M TELOK KURAU,Resale,Strata,68,"13,382",-,Apartment,1,Freehold,15,Outside Central Region,01 to 05
AFFINITY AT SERANGOON,"1,259,000",850.36,"1,481",Feb-19,SERANGOON NORTH AVENUE 1,New Sale,Strata,79,"15,937",-,Apartment,1,99 yrs lease commencing from 2018,19,Outside Central Region,06 to 10
THOMSON THREE,"1,820,000","1,140.98","1,595",Feb-19,BRIGHT HILL DRIVE,Resale,Strata,106,"17,170",-,Apartment,1,99 yrs lease commencing from 2012,20,Rest of Central Region,11 to 15
RIVER ISLES,"920,000",893.41,"1,030",Feb-19,EDGEDALE PLAINS,Resale,Strata,83,"11,084",-,Condominium,1,99 yrs lease commencing from 2012,19,Outside Central Region,11 to 15
MAYFAIR GARDENS,"1,481,000",764.24,"1,938",Feb-19,RIFLE RANGE ROAD,New Sale,Strata,71,"20,859",-,Condominium,1,99 yrs lease commencing from 2018,21,Rest of Central Region,01 to 05
D'NEST,"815,000",753.48,"1,082",Feb-19,PASIR RIS GROVE,Resale,Strata,70,"11,643",-,Condominium,1,99 yrs lease commencing from 2010,18,Outside Central Region,06 to 10
RESIDENTIAL APARTMENTS,"1,000,000",979.52,"1,021",Feb-19,JOO CHIAT PLACE,Resale,Strata,91,"10,989",-,Apartment,1,Freehold,15,Rest of Central Region,01 to 05
VILLA MARINA,"1,088,000","1,087.16","1,001",Feb-19,JALAN SEMPADAN,Resale,Strata,101,"10,772",-,Condominium,1,99 yrs lease commencing from 1995,15,Outside Central Region,01 to 05
THE BAYSHORE,"1,070,000","1,011.82","1,058",Feb-19,BAYSHORE ROAD,Resale,Strata,94,"11,383",-,Condominium,1,99 yrs lease commencing from 1993,16,Outside Central Region,26 to 30
RIVER ISLES,"1,380,000","1,593.07",866,Feb-19,EDGEDALE PLAINS,Resale,Strata,148,"9,324",-,Condominium,1,99 yrs lease commencing from 2012,19,Outside Central Region,16 to 20
WATERFRONT GOLD,"1,500,000","1,227.1","1,222",Feb-19,BEDOK RESERVOIR ROAD,Resale,Strata,114,"13,158",-,Condominium,1,99 yrs lease commencing from 2009,16,Outside Central Region,11 to 15
BARTLEY RESIDENCES,"1,138,800",796.54,"1,430",Feb-19,LORONG HOW SUN,Resale,Strata,74,"15,389",-,Apartment,1,99 yrs lease commencing from 2011,19,Outside Central Region,11 to 15
RIVEREDGE,"2,360,000","1,700.71","1,388",Feb-19,SAMPAN PLACE,Resale,Strata,158,"14,937",-,Condominium,1,99 yrs lease commencing from 2004,15,Rest of Central Region,01 to 05
AFFINITY AT SERANGOON,"780,000",538.2,"1,449",Feb-19,SERANGOON NORTH AVENUE 1,New Sale,Strata,50,"15,600",-,Apartment,1,99 yrs lease commencing from 2018,19,Outside Central Region,06 to 10
AFFINITY AT SERANGOON,"1,282,000",850.36,"1,508",Feb-19,SERANGOON NORTH AVENUE 1,New Sale,Strata,79,"16,228",-,Apartment,1,99 yrs lease commencing from 2018,19,Outside Central Region,06 to 10
RIVERFRONT RESIDENCES,"1,350,440","1,065.64","1,267",Feb-19,HOUGANG AVENUE 7,New Sale,Strata,99,"13,641",-,Apartment,1,99 yrs lease commencing from 2018,19,Outside Central Region,01 to 05
THE TAPESTRY,"854,550",602.78,"1,418",Feb-19,TAMPINES STREET 86,New Sale,Strata,56,"15,260",-,Condominium,1,99 yrs lease commencing from 2017,18,Outside Central Region,06 to 10
RIVERFRONT RESIDENCES,"1,380,820","1,108.69","1,245",Feb-19,HOUGANG AVENUE 7,New Sale,Strata,103,"13,406",-,Apartment,1,99 yrs lease commencing from 2018,19,Outside Central Region,11 to 15
THE GARDENS AT BISHAN,"1,980,000","1,959.05","1,011",Feb-19,SIN MING WALK,Resale,Strata,182,"10,879",-,Condominium,1,99 yrs lease commencing from 1997,20,Rest of Central Region,16 to 20
CHANGI GREEN,"930,000",871.88,"1,067",Feb-19,UPPER CHANGI ROAD EAST,Resale,Strata,81,"11,481",-,Condominium,1,Freehold,16,Outside Central Region,01 to 05
LIVIA,"1,168,000","1,323.97",882,Feb-19,PASIR RIS GROVE,Resale,Strata,123,"9,496",-,Condominium,1,99 yrs lease commencing from 2008,18,Outside Central Region,06 to 10
JADESCAPE,"1,698,300","1,011.82","1,678",Feb-19,SHUNFU ROAD,New Sale,Strata,94,"18,067",-,Condominium,1,99 yrs lease commencing from 2018,20,Rest of Central Region,01 to 05
THE NCLAVE,"1,030,000",861.12,"1,196",Feb-19,LORONG N TELOK KURAU,Resale,Strata,80,"12,875",-,Apartment,1,Freehold,15,Outside Central Region,01 to 05
HEDGES PARK CONDOMINIUM,"1,238,000","1,345.5",920,Feb-19,FLORA DRIVE,Resale,Strata,125,"9,904",-,Condominium,1,99 yrs lease commencing from 2010,17,Outside Central Region,01 to 05
SERAYA VILLE,"1,028,000","1,227.1",838,Feb-19,SERAYA LANE,Resale,Strata,114,"9,018",-,Apartment,1,Freehold,15,Rest of Central Region,01 to 05
THE BAYSHORE,"1,070,000","1,227.1",872,Feb-19,BAYSHORE ROAD,Resale,Strata,114,"9,386",-,Condominium,1,99 yrs lease commencing from 1993,16,Outside Central Region,06 to 10
KOVAN MELODY,"1,385,000","1,302.44","1,063",Feb-19,KOVAN ROAD,Resale,Strata,121,"11,446",-,Condominium,1,99 yrs lease commencing from 2004,19,Outside Central Region,01 to 05
PARC OLYMPIA,"710,000",775.01,916,Feb-19,FLORA DRIVE,Resale,Strata,72,"9,861",-,Condominium,1,99 yrs lease commencing from 2012,17,Outside Central Region,01 to 05
THE HACIENDA,"2,500,000","2,195.86","1,139",Feb-19,HACIENDA GROVE,Resale,Strata,204,"12,255",-,Condominium,1,Freehold,15,Outside Central Region,01 to 05
THE JOVELL,"612,000",452.09,"1,354",Feb-19,FLORA DRIVE,New Sale,Strata,42,"14,571",-,Condominium,1,99 yrs lease commencing from 2018,17,Outside Central Region,01 to 05
MAYFAIR GARDENS,"1,201,000",581.26,"2,066",Feb-19,RIFLE RANGE ROAD,New Sale,Strata,54,"22,241",-,Condominium,1,99 yrs lease commencing from 2018,21,Rest of Central Region,01 to 05
MELVILLE PARK,"880,000","1,302.44",676,Feb-19,SIMEI STREET 1,Resale,Strata,121,"7,273",-,Condominium,1,99 yrs lease commencing from 1992,18,Outside Central Region,01 to 05
AFFINITY AT SERANGOON,"729,000",473.62,"1,539",Feb-19,SERANGOON NORTH AVENUE 1,New Sale,Strata,44,"16,568",-,Apartment,1,99 yrs lease commencing from 2018,19,Outside Central Region,01 to 05
TEMBELING MANSIONS,"995,000",839.59,"1,185",Feb-19,TEMBELING ROAD,Resale,Strata,78,"12,756",-,Apartment,1,Freehold,15,Rest of Central Region,01 to 05
AFFINITY AT SERANGOON,"986,000",624.31,"1,579",Feb-19,SERANGOON NORTH AVENUE 1,New Sale,Strata,58,"17,000",-,Apartment,1,99 yrs lease commencing from 2018,19,Outside Central Region,01 to 05
ECO,"1,580,000","1,302.44","1,213",Feb-19,BEDOK SOUTH AVENUE 3,Resale,Strata,121,"13,058",-,Condominium,1,99 yrs lease commencing from 2012,16,Outside Central Region,01 to 05
AFFINITY AT SERANGOON,"905,000",613.55,"1,475",Feb-19,SERANGOON NORTH AVENUE 1,New Sale,Strata,57,"15,877",-,Apartment,1,99 yrs lease commencing from 2018,19,Outside Central Region,11 to 15
THE SEA VIEW,"2,679,000","1,410.08","1,900",Feb-19,AMBER ROAD,Resale,Strata,131,"20,450",-,Condominium,1,Freehold,15,Rest of Central Region,21 to 25
RIVERFRONT RESIDENCES,"698,000",516.67,"1,351",Feb-19,HOUGANG AVENUE 7,New Sale,Strata,48,"14,542",-,Apartment,1,99 yrs lease commencing from 2018,19,Outside Central Region,01 to 05
RIVERFRONT RESIDENCES,"716,000",516.67,"1,386",Feb-19,HOUGANG AVENUE 7,New Sale,Strata,48,"14,917",-,Apartment,1,99 yrs lease commencing from 2018,19,Outside Central Region,01 to 05
RIVERFRONT RESIDENCES,"688,000",516.67,"1,332",Feb-19,HOUGANG AVENUE 7,New Sale,Strata,48,"14,333",-,Apartment,1,99 yrs lease commencing from 2018,19,Outside Central Region,01 to 05
RIVERFRONT RESIDENCES,"1,439,000","1,108.69","1,298",Feb-19,HOUGANG AVENUE 7,New Sale,Strata,103,"13,971",-,Apartment,1,99 yrs lease commencing from 2018,19,Outside Central Region,06 to 10
SUITES @ PAYA LEBAR,"545,000",365.98,"1,489",Feb-19,UPPER PAYA LEBAR ROAD,Resale,Strata,34,"16,029",-,Apartment,1,Freehold,19,Outside Central Region,01 to 05
RIVERFRONT RESIDENCES,"612,000",462.85,"1,322",Feb-19,HOUGANG AVENUE 7,New Sale,Strata,43,"14,233",-,Apartment,1,99 yrs lease commencing from 2018,19,Outside Central Region,06 to 10
RIVERFRONT RESIDENCES,"616,000",462.85,"1,331",Feb-19,HOUGANG AVENUE 7,New Sale,Strata,43,"14,326",-,Apartment,1,99 yrs lease commencing from 2018,19,Outside Central Region,06 to 10
RIVERFRONT RESIDENCES,"1,208,000",914.94,"1,320",Feb-19,HOUGANG AVENUE 7,New Sale,Strata,85,"14,212",-,Apartment,1,99 yrs lease commencing from 2018,19,Outside Central Region,01 to 05
DE CENTURION,"880,000",570.49,"1,543",Feb-19,TANJONG RHU ROAD,Resale,Strata,53,"16,604",-,Apartment,1,Freehold,15,Rest of Central Region,11 to 15
RIO VISTA,"1,040,000","1,248.62",833,Feb-19,UPPER SERANGOON VIEW,Resale,Strata,116,"8,966",-,Condominium,1,99 yrs lease commencing from 2001,19,Outside Central Region,11 to 15
FERRARIA PARK CONDOMINIUM,"1,620,000","1,894.46",855,Feb-19,FLORA DRIVE,Resale,Strata,176,"9,205",-,Condominium,1,Freehold,17,Outside Central Region,06 to 10
COASTARINA,"1,280,000","1,011.82","1,265",Feb-19,EAST COAST ROAD,Resale,Strata,94,"13,617",-,Apartment,1,Freehold,15,Outside Central Region,01 to 05
KOVAN RESIDENCES,"1,250,000",947.23,"1,320",Feb-19,KOVAN ROAD,Resale,Strata,88,"14,205",-,Condominium,1,99 yrs lease commencing from 2007,19,Outside Central Region,06 to 10
RIVERSOUND RESIDENCE,"1,020,000","1,065.64",957,Feb-19,SENGKANG EAST AVENUE,Resale,Strata,99,"10,303",-,Condominium,1,99 yrs lease commencing from 2011,19,Outside Central Region,01 to 05
CLOVER BY THE PARK,"1,668,000","1,291.68","1,291",Feb-19,BISHAN STREET 25,Resale,Strata,120,"13,900",-,Condominium,1,99 yrs lease commencing from 2007,20,Rest of Central Region,21 to 25
THE AMBROSIA,"2,100,000","1,528.49","1,374",Feb-19,LORONG N TELOK KURAU,Resale,Strata,142,"14,789",-,Apartment,1,Freehold,15,Outside Central Region,01 to 05
RIVERVALE CREST,"820,000","1,205.57",680,Feb-19,RIVERVALE CRESCENT,Resale,Strata,112,"7,321",-,Apartment,1,99 yrs lease commencing from 1997,19,Outside Central Region,11 to 15
AFFINITY AT SERANGOON,"726,000",484.38,"1,499",Feb-19,SERANGOON NORTH AVENUE 1,New Sale,Strata,45,"16,133",-,Apartment,1,99 yrs lease commencing from 2018,19,Outside Central Region,01 to 05
AFFINITY AT SERANGOON,"909,000",613.55,"1,482",Feb-19,SERANGOON NORTH AVENUE 1,New Sale,Strata,57,"15,947",-,Apartment,1,99 yrs lease commencing from 2018,19,Outside Central Region,01 to 05
AFFINITY AT SERANGOON,"932,000",613.55,"1,519",Feb-19,SERANGOON NORTH AVENUE 1,New Sale,Strata,57,"16,351",-,Apartment,1,99 yrs lease commencing from 2018,19,Outside Central Region,11 to 15
AFFINITY AT SERANGOON,"705,000",473.62,"1,489",Feb-19,SERANGOON NORTH AVENUE 1,New Sale,Strata,44,"16,023",-,Apartment,1,99 yrs lease commencing from 2018,19,Outside Central Region,01 to 05
AFFINITY AT SERANGOON,"762,300",538.2,"1,416",Feb-19,SERANGOON NORTH AVENUE 1,New Sale,Strata,50,"15,246",-,Apartment,1,99 yrs lease commencing from 2018,19,Outside Central Region,06 to 10
AFFINITY AT SERANGOON,"1,024,000",624.31,"1,640",Feb-19,SERANGOON NORTH AVENUE 1,New Sale,Strata,58,"17,655",-,Apartment,1,99 yrs lease commencing from 2018,19,Outside Central Region,06 to 10
THE GARDEN RESIDENCES,"1,039,000",688.9,"1,508",Feb-19,SERANGOON NORTH VIEW,New Sale,Strata,64,"16,234",-,Apartment,1,99 yrs lease commencing from 2017,19,Outside Central Region,06 to 10
JADESCAPE,"1,770,800","1,054.87","1,679",Feb-19,SHUNFU ROAD,New Sale,Strata,98,"18,069",-,Condominium,1,99 yrs lease commencing from 2018,20,Rest of Central Region,21 to 25
RIVERFRONT RESIDENCES,"625,000",462.85,"1,350",Feb-19,HOUGANG AVENUE 7,New Sale,Strata,43,"14,535",-,Apartment,1,99 yrs lease commencing from 2018,19,Outside Central Region,11 to 15
THE TAPESTRY,"852,930",602.78,"1,415",Feb-19,TAMPINES STREET 86,New Sale,Strata,56,"15,231",-,Condominium,1,99 yrs lease commencing from 2017,18,Outside Central Region,06 to 10
RIVERFRONT RESIDENCES,"1,257,000",914.94,"1,374",Feb-19,HOUGANG AVENUE 7,New Sale,Strata,85,"14,788",-,Apartment,1,99 yrs lease commencing from 2018,19,Outside Central Region,11 to 15
RIVERFRONT RESIDENCES,"1,939,000","1,485.43","1,305",Feb-19,HOUGANG AVENUE 7,New Sale,Strata,138,"14,051",-,Apartment,1,99 yrs lease commencing from 2018,19,Outside Central Region,11 to 15
JADESCAPE,"1,716,700","1,011.82","1,697",Feb-19,SHUNFU ROAD,New Sale,Strata,94,"18,263",-,Condominium,1,99 yrs lease commencing from 2018,20,Rest of Central Region,06 to 10
MAYFAIR GARDENS,"1,506,000",785.77,"1,917",Feb-19,RIFLE RANGE ROAD,New Sale,Strata,73,"20,630",-,Condominium,1,99 yrs lease commencing from 2018,21,Rest of Central Region,01 to 05
JADESCAPE,"3,216,000","2,098.98","1,532",Feb-19,SHUNFU ROAD,New Sale,Strata,195,"16,492",-,Condominium,1,99 yrs lease commencing from 2018,20,Rest of Central Region,06 to 10
THE JOVELL,"695,000",527.44,"1,318",Feb-19,FLORA DRIVE,New Sale,Strata,49,"14,184",-,Condominium,1,99 yrs lease commencing from 2018,17,Outside Central Region,01 to 05
AFFINITY AT SERANGOON,"929,000",613.55,"1,514",Feb-19,SERANGOON NORTH AVENUE 1,New Sale,Strata,57,"16,298",-,Apartment,1,99 yrs lease commencing from 2018,19,Outside Central Region,11 to 15
AFFINITY AT SERANGOON,"879,000",613.55,"1,433",Feb-19,SERANGOON NORTH AVENUE 1,New Sale,Strata,57,"15,421",-,Apartment,1,99 yrs lease commencing from 2018,19,Outside Central Region,01 to 05
AFFINITY AT SERANGOON,"710,000",473.62,"1,499",Feb-19,SERANGOON NORTH AVENUE 1,New Sale,Strata,44,"16,136",-,Apartment,1,99 yrs lease commencing from 2018,19,Outside Central Region,01 to 05
AFFINITY AT SERANGOON,"1,271,000",850.36,"1,495",Feb-19,SERANGOON NORTH AVENUE 1,New Sale,Strata,79,"16,089",-,Apartment,1,99 yrs lease commencing from 2018,19,Outside Central Region,01 to 05
AFFINITY AT SERANGOON,"773,000",538.2,"1,436",Feb-19,SERANGOON NORTH AVENUE 1,New Sale,Strata,50,"15,460",-,Apartment,1,99 yrs lease commencing from 2018,19,Outside Central Region,06 to 10
AFFINITY AT SERANGOON,"887,000",613.55,"1,446",Feb-19,SERANGOON NORTH AVENUE 1,New Sale,Strata,57,"15,561",-,Apartment,1,99 yrs lease commencing from 2018,19,Outside Central Region,01 to 05
AFFINITY AT SERANGOON,"1,019,000",624.31,"1,632",Feb-19,SERANGOON NORTH AVENUE 1,New Sale,Strata,58,"17,569",-,Apartment,1,99 yrs lease commencing from 2018,19,Outside Central Region,06 to 10
AFFINITY AT SERANGOON,"790,000",538.2,"1,468",Feb-19,SERANGOON NORTH AVENUE 1,New Sale,Strata,50,"15,800",-,Apartment,1,99 yrs lease commencing from 2018,19,Outside Central Region,06 to 10
AFFINITY AT SERANGOON,"1,248,000",850.36,"1,468",Feb-19,SERANGOON NORTH AVENUE 1,New Sale,Strata,79,"15,797",-,Apartment,1,99 yrs lease commencing from 2018,19,Outside Central Region,01 to 05
RIVERFRONT RESIDENCES,"836,000",602.78,"1,387",Feb-19,HOUGANG AVENUE 7,New Sale,Strata,56,"14,929",-,Apartment,1,99 yrs lease commencing from 2018,19,Outside Central Region,11 to 15
AMBER 45,"2,665,550","1,345.5","1,981",Feb-19,AMBER ROAD,New Sale,Strata,125,"21,324",-,Apartment,1,Freehold,15,Rest of Central Region,06 to 10
RIVERFRONT RESIDENCES,"1,442,000","1,108.69","1,301",Feb-19,HOUGANG AVENUE 7,New Sale,Strata,103,"14,000",-,Apartment,1,99 yrs lease commencing from 2018,19,Outside Central Region,11 to 15
RIVERFRONT RESIDENCES,"598,000",462.85,"1,292",Feb-19,HOUGANG AVENUE 7,New Sale,Strata,43,"13,907",-,Apartment,1,99 yrs lease commencing from 2018,19,Outside Central Region,01 to 05
RIVERFRONT RESIDENCES,"743,000",516.67,"1,438",Feb-19,HOUGANG AVENUE 7,New Sale,Strata,48,"15,479",-,Apartment,1,99 yrs lease commencing from 2018,19,Outside Central Region,11 to 15
RIVERFRONT RESIDENCES,"1,251,000",914.94,"1,367",Feb-19,HOUGANG AVENUE 7,New Sale,Strata,85,"14,718",-,Apartment,1,99 yrs lease commencing from 2018,19,Outside Central Region,11 to 15
RIVERFRONT RESIDENCES,"1,344,000","1,108.69","1,212",Feb-19,HOUGANG AVENUE 7,New Sale,Strata,103,"13,049",-,Apartment,1,99 yrs lease commencing from 2018,19,Outside Central Region,01 to 05
THE GARDEN RESIDENCES,"749,300",516.67,"1,450",Feb-19,SERANGOON NORTH VIEW,New Sale,Strata,48,"15,610",-,Apartment,1,99 yrs lease commencing from 2017,19,Outside Central Region,06 to 10
JADESCAPE,"1,903,500","1,140.98","1,668",Feb-19,SHUNFU ROAD,New Sale,Strata,106,"17,958",-,Condominium,1,99 yrs lease commencing from 2018,20,Rest of Central Region,06 to 10
AFFINITY AT SERANGOON,"1,152,000",775.01,"1,486",Feb-19,SERANGOON NORTH AVENUE 1,New Sale,Strata,72,"16,000",-,Apartment,1,99 yrs lease commencing from 2018,19,Outside Central Region,01 to 05
RIVERFRONT RESIDENCES,"1,415,000","1,108.69","1,276",Feb-19,HOUGANG AVENUE 7,New Sale,Strata,103,"13,738",-,Apartment,1,99 yrs lease commencing from 2018,19,Outside Central Region,06 to 10
RIVERFRONT RESIDENCES,"1,155,000",914.94,"1,262",Feb-19,HOUGANG AVENUE 7,New Sale,Strata,85,"13,588",-,Apartment,1,99 yrs lease commencing from 2018,19,Outside Central Region,06 to 10
RIVERFRONT RESIDENCES,"1,441,000","1,108.69","1,300",Feb-19,HOUGANG AVENUE 7,New Sale,Strata,103,"13,990",-,Apartment,1,99 yrs lease commencing from 2018,19,Outside Central Region,11 to 15
LAGUNA PARK,"1,333,000","1,453.14",917,Feb-19,MARINE PARADE ROAD,Resale,Strata,135,"9,874",-,Apartment,1,99 yrs lease commencing from 1977,15,Outside Central Region,16 to 20
BAYSHORE PARK,"918,000",936.47,980,Feb-19,BAYSHORE ROAD,Resale,Strata,87,"10,552",-,Condominium,1,99 yrs lease commencing from 1982,16,Outside Central Region,06 to 10
RIVERFRONT RESIDENCES,"1,384,000","1,108.69","1,248",Feb-19,HOUGANG AVENUE 7,New Sale,Strata,103,"13,437",-,Apartment,1,99 yrs lease commencing from 2018,19,Outside Central Region,11 to 15
HILLVIEW GREEN,"955,000","1,173.28",814,Feb-19,HUME AVENUE,Resale,Strata,109,"8,761",-,Condominium,1,999 yrs lease commencing from 1883,21,Outside Central Region,01 to 05
THE STERLING,"2,300,000","1,377.79","1,669",Feb-19,BUKIT TIMAH ROAD,Resale,Strata,128,"17,969",-,Condominium,1,Freehold,21,Rest of Central Region,06 to 10
ARCHIPELAGO,"1,530,000","1,184.04","1,292",Feb-19,BEDOK RESERVOIR ROAD,Resale,Strata,110,"13,909",-,Condominium,1,99 yrs lease commencing from 2011,16,Outside Central Region,01 to 05
THE WATERSIDE,"3,600,000","2,142.04","1,681",Feb-19,TANJONG RHU ROAD,Resale,Strata,199,"18,090",-,Condominium,1,Freehold,15,Rest of Central Region,16 to 20
Q BAY RESIDENCES,"950,000",828.83,"1,146",Feb-19,TAMPINES STREET 86,Resale,Strata,77,"12,338",-,Condominium,1,99 yrs lease commencing from 2012,18,Outside Central Region,11 to 15
RIPPLE BAY,"570,000",484.38,"1,177",Feb-19,PASIR RIS LINK,Resale,Strata,45,"12,667",-,Condominium,1,99 yrs lease commencing from 2011,18,Outside Central Region,01 to 05
MABELLE,"900,000",807.3,"1,115",Feb-19,LORONG M TELOK KURAU,Resale,Strata,75,"12,000",-,Apartment,1,Freehold,15,Outside Central Region,01 to 05
LOYANG VALLEY,"1,120,000","1,485.43",754,Feb-19,LOYANG AVENUE,Resale,Strata,138,"8,116",-,Condominium,1,99 yrs lease commencing from 1982,17,Outside Central Region,01 to 05
WATER PLACE,"1,640,000","1,280.92","1,280",Feb-19,TANJONG RHU ROAD,Resale,Strata,119,"13,782",-,Condominium,1,99 yrs lease commencing from 1998,15,Rest of Central Region,06 to 10
WATER PLACE,"1,660,000","1,280.92","1,296",Feb-19,TANJONG RHU ROAD,Resale,Strata,119,"13,950",-,Condominium,1,99 yrs lease commencing from 1998,15,Rest of Central Region,06 to 10
TERRASSE,"933,000",807.3,"1,156",Feb-19,TERRASSE LANE,Resale,Strata,75,"12,440",-,Condominium,1,99 yrs lease commencing from 2010,19,Outside Central Region,01 to 05
D'NEST,"935,000",936.47,998,Feb-19,PASIR RIS GROVE,Resale,Strata,87,"10,747",-,Condominium,1,99 yrs lease commencing from 2010,18,Outside Central Region,01 to 05
THE SPRINGBLOOM,"1,730,000","1,646.89","1,050",Feb-19,SERANGOON AVENUE 3,Resale,Strata,153,"11,307",-,Condominium,1,99 yrs lease commencing from 1995,19,Outside Central Region,06 to 10
THE JOVELL,"615,000",452.09,"1,360",Feb-19,FLORA DRIVE,New Sale,Strata,42,"14,643",-,Condominium,1,99 yrs lease commencing from 2018,17,Outside Central Region,01 to 05
CASAFINA,"1,160,000","1,280.92",906,Feb-19,BEDOK SOUTH AVENUE 1,Resale,Strata,119,"9,748",-,Condominium,1,99 yrs lease commencing from 1996,16,Outside Central Region,01 to 05
AFFINITY AT SERANGOON,"1,308,000",850.36,"1,538",Feb-19,SERANGOON NORTH AVENUE 1,New Sale,Strata,79,"16,557",-,Apartment,1,99 yrs lease commencing from 2018,19,Outside Central Region,11 to 15
RIVERFRONT RESIDENCES,"708,000",516.67,"1,370",Feb-19,HOUGANG AVENUE 7,New Sale,Strata,48,"14,750",-,Apartment,1,99 yrs lease commencing from 2018,19,Outside Central Region,11 to 15
RIVERFRONT RESIDENCES,"1,461,000","1,108.69","1,318",Feb-19,HOUGANG AVENUE 7,New Sale,Strata,103,"14,184",-,Apartment,1,99 yrs lease commencing from 2018,19,Outside Central Region,11 to 15
COTE D'AZUR,"1,100,000",904.18,"1,217",Feb-19,MARINE PARADE ROAD,Resale,Strata,84,"13,095",-,Condominium,1,99 yrs lease commencing from 2001,15,Rest of Central Region,11 to 15
HAWAII TOWER,"2,700,000","2,238.91","1,206",Feb-19,MEYER ROAD,Resale,Strata,208,"12,981",-,Condominium,1,Freehold,15,Rest of Central Region,06 to 10
THE MINTON,"2,515,000","2,884.75",872,Feb-19,HOUGANG STREET 11,Resale,Strata,268,"9,384",-,Condominium,1,99 yrs lease commencing from 2007,19,Outside Central Region,11 to 15
D'NEST,"1,538,000","1,410.08","1,091",Feb-19,PASIR RIS GROVE,Resale,Strata,131,"11,740",-,Condominium,1,99 yrs lease commencing from 2010,18,Outside Central Region,06 to 10
RIVEREDGE,"1,400,000",979.52,"1,429",Feb-19,SAMPAN PLACE,Resale,Strata,91,"15,385",-,Condominium,1,99 yrs lease commencing from 2004,15,Rest of Central Region,06 to 10
KENSINGTON SQUARE,"900,000",914.94,984,Feb-19,JALAN LOKAM,Resale,Strata,85,"10,588",-,Apartment,1,Freehold,19,Outside Central Region,01 to 05
RIPPLE BAY,"888,000",764.24,"1,162",Feb-19,PASIR RIS LINK,Resale,Strata,71,"12,507",-,Condominium,1,99 yrs lease commencing from 2011,18,Outside Central Region,06 to 10
RIPPLE BAY,"598,000",484.38,"1,235",Feb-19,PASIR RIS LINK,Resale,Strata,45,"13,289",-,Condominium,1,99 yrs lease commencing from 2011,18,Outside Central Region,01 to 05
COMPASS HEIGHTS,"930,000","1,054.87",882,Feb-19,SENGKANG SQUARE,Resale,Strata,98,"9,490",-,Apartment,1,99 yrs lease commencing from 2000,19,Outside Central Region,01 to 05
THE PALETTE,"615,000",505.91,"1,216",Feb-19,PASIR RIS GROVE,Resale,Strata,47,"13,085",-,Condominium,1,99 yrs lease commencing from 2010,18,Outside Central Region,06 to 10
RIVERSOUND RESIDENCE,"1,060,000","1,065.64",995,Feb-19,SENGKANG EAST AVENUE,Resale,Strata,99,"10,707",-,Condominium,1,99 yrs lease commencing from 2011,19,Outside Central Region,11 to 15
LIVIA,"825,000",914.94,902,Feb-19,PASIR RIS GROVE,Resale,Strata,85,"9,706",-,Condominium,1,99 yrs lease commencing from 2008,18,Outside Central Region,06 to 10
FLO RESIDENCE,"842,000",861.12,978,Feb-19,PUNGGOL FIELD WALK,Resale,Strata,80,"10,525",-,Condominium,1,99 yrs lease commencing from 2011,19,Outside Central Region,01 to 05
AFFINITY AT SERANGOON,"779,000",538.2,"1,447",Feb-19,SERANGOON NORTH AVENUE 1,New Sale,Strata,50,"15,580",-,Apartment,1,99 yrs lease commencing from 2018,19,Outside Central Region,06 to 10
PARBURY HILL CONDOMINIUM,"1,600,000","1,205.57","1,327",Feb-19,PARBURY AVENUE,Resale,Strata,112,"14,286",-,Condominium,1,Freehold,16,Outside Central Region,01 to 05
PARBURY HILL CONDOMINIUM,"1,150,000",839.59,"1,370",Feb-19,PARBURY AVENUE,Resale,Strata,78,"14,744",-,Condominium,1,Freehold,16,Outside Central Region,01 to 05
CASA MERAH,"1,620,000","1,388.56","1,167",Feb-19,TANAH MERAH KECHIL AVENUE,Resale,Strata,129,"12,558",-,Apartment,1,99 yrs lease commencing from 2006,16,Outside Central Region,06 to 10
RIVERFRONT RESIDENCES,"1,399,000","1,108.69","1,262",Feb-19,HOUGANG AVENUE 7,New Sale,Strata,103,"13,583",-,Apartment,1,99 yrs lease commencing from 2018,19,Outside Central Region,06 to 10
RIVERFRONT RESIDENCES,"968,000",721.19,"1,342",Feb-19,HOUGANG AVENUE 7,New Sale,Strata,67,"14,448",-,Apartment,1,99 yrs lease commencing from 2018,19,Outside Central Region,11 to 15
JADESCAPE,"1,821,900","1,054.87","1,727",Feb-19,SHUNFU ROAD,New Sale,Strata,98,"18,591",-,Condominium,1,99 yrs lease commencing from 2018,20,Rest of Central Region,21 to 25
THE WATERSIDE,"3,800,000","2,411.14","1,576",Feb-19,TANJONG RHU ROAD,Resale,Strata,224,"16,964",-,Condominium,1,Freehold,15,Rest of Central Region,01 to 05
FLAMINGO VALLEY,"1,728,000","1,216.33","1,421",Feb-19,SIGLAP ROAD,Resale,Strata,113,"15,292",-,Condominium,1,Freehold,15,Outside Central Region,01 to 05
PARC CENTROS,"1,030,000",990.29,"1,040",Feb-19,PUNGGOL CENTRAL,Resale,Strata,92,"11,196",-,Condominium,1,99 yrs lease commencing from 2012,19,Outside Central Region,01 to 05
THE WATERLINE,"1,530,000","1,291.68","1,185",Feb-19,POH HUAT ROAD WEST,Resale,Strata,120,"12,750",-,Condominium,1,Freehold,19,Outside Central Region,01 to 05
THE GARDEN RESIDENCES,"757,700",516.67,"1,467",Feb-19,SERANGOON NORTH VIEW,New Sale,Strata,48,"15,785",-,Apartment,1,99 yrs lease commencing from 2017,19,Outside Central Region,11 to 15
THE GARDEN RESIDENCES,"761,300",516.67,"1,473",Feb-19,SERANGOON NORTH VIEW,New Sale,Strata,48,"15,860",-,Apartment,1,99 yrs lease commencing from 2017,19,Outside Central Region,11 to 15
PARC ELEGANCE,"592,800",409.03,"1,449",Feb-19,TELOK KURAU ROAD,Resale,Strata,38,"15,600",-,Apartment,1,Freehold,15,Outside Central Region,01 to 05
THE TAPESTRY,"995,480",688.9,"1,445",Feb-19,TAMPINES STREET 86,New Sale,Strata,64,"15,554",-,Condominium,1,99 yrs lease commencing from 2017,18,Outside Central Region,01 to 05
THE LINE @ TANJONG RHU,"2,238,000","1,065.64","2,100",Feb-19,TANJONG RHU ROAD,Resale,Strata,99,"22,606",-,Condominium,1,Freehold,15,Rest of Central Region,06 to 10
JADESCAPE,"2,469,900","1,420.85","1,738",Feb-19,SHUNFU ROAD,New Sale,Strata,132,"18,711",-,Condominium,1,99 yrs lease commencing from 2018,20,Rest of Central Region,21 to 25
SUNNY PALMS,"1,062,000","1,033.34","1,028",Feb-19,LORONG G TELOK KURAU,Resale,Strata,96,"11,063",-,Condominium,1,Freehold,15,Outside Central Region,01 to 05
THE GARDEN RESIDENCES,"999,600",613.55,"1,629",Feb-19,SERANGOON NORTH VIEW,New Sale,Strata,57,"17,537",-,Apartment,1,99 yrs lease commencing from 2017,19,Outside Central Region,11 to 15
RESIDENTIAL APARTMENTS,"1,688,000","1,722.24",980,Feb-19,HAIG AVENUE,Resale,Strata,160,"10,550",-,Apartment,1,Freehold,15,Rest of Central Region,01 to 05
LEGENDA AT JOO CHIAT,"1,228,000","1,205.57","1,019",Feb-19,JOO CHIAT LANE,Resale,Strata,112,"10,964",-,Condominium,1,99 yrs lease commencing from 2001,15,Rest of Central Region,01 to 05
RIVERSAILS,"1,200,000","1,108.69","1,082",Feb-19,UPPER SERANGOON CRESCENT,Resale,Strata,103,"11,650",-,Condominium,1,99 yrs lease commencing from 2011,19,Outside Central Region,06 to 10
THE BECCAGAYLE,"1,520,888","1,367.03","1,113",Feb-19,LORONG N TELOK KURAU,Resale,Strata,127,"11,975",-,Apartment,1,Freehold,15,Outside Central Region,01 to 05
RIO VISTA,"1,460,888","2,271.2",643,Feb-19,UPPER SERANGOON VIEW,Resale,Strata,211,"6,924",-,Condominium,1,99 yrs lease commencing from 2001,19,Outside Central Region,16 to 20
PRESTIGE LOFT,"540,000",376.74,"1,433",Feb-19,TELOK KURAU ROAD,Resale,Strata,35,"15,429",-,Apartment,1,Freehold,15,Outside Central Region,01 to 05
KEW GREEN,"2,050,000","3,024.68",678,Feb-19,KEW CRESCENT,Resale,Strata,281,"7,295",-,Condominium,1,99 yrs lease commencing from 1994,16,Outside Central Region,-
AMBER 45,"2,805,000","1,345.5","2,085",Feb-19,AMBER ROAD,New Sale,Strata,125,"22,440",-,Apartment,1,Freehold,15,Rest of Central Region,16 to 20
BAYSHORE PARK,"995,000",936.47,"1,063",Feb-19,BAYSHORE ROAD,Resale,Strata,87,"11,437",-,Condominium,1,99 yrs lease commencing from 1982,16,Outside Central Region,06 to 10
RIVERFRONT RESIDENCES,"844,000",613.55,"1,376",Feb-19,HOUGANG AVENUE 7,New Sale,Strata,57,"14,807",-,Apartment,1,99 yrs lease commencing from 2018,19,Outside Central Region,11 to 15
JADESCAPE,"1,306,200",764.24,"1,709",Feb-19,SHUNFU ROAD,New Sale,Strata,71,"18,397",-,Condominium,1,99 yrs lease commencing from 2018,20,Rest of Central Region,06 to 10
JADESCAPE,"1,138,100",645.84,"1,762",Feb-19,SHUNFU ROAD,New Sale,Strata,60,"18,968",-,Condominium,1,99 yrs lease commencing from 2018,20,Rest of Central Region,11 to 15
THE GARDEN RESIDENCES,"965,300",613.55,"1,573",Feb-19,SERANGOON NORTH VIEW,New Sale,Strata,57,"16,935",-,Apartment,1,99 yrs lease commencing from 2017,19,Outside Central Region,06 to 10
THE SOUND,"2,500,000","1,593.07","1,569",Feb-19,EAST COAST ROAD,Resale,Strata,148,"16,892",-,Condominium,1,Freehold,15,Outside Central Region,01 to 05
MAPLE WOODS,"2,100,000","1,334.74","1,573",Feb-19,BUKIT TIMAH ROAD,Resale,Strata,124,"16,935",-,Condominium,1,Freehold,21,Rest of Central Region,06 to 10
BOATHOUSE RESIDENCES,"1,450,000","1,463.9",991,Feb-19,UPPER SERANGOON VIEW,Resale,Strata,136,"10,662",-,Condominium,1,99 yrs lease commencing from 2011,19,Outside Central Region,11 to 15
AFFINITY AT SERANGOON,"776,000",538.2,"1,442",Feb-19,SERANGOON NORTH AVENUE 1,New Sale,Strata,50,"15,520",-,Apartment,1,99 yrs lease commencing from 2018,19,Outside Central Region,06 to 10
AFFINITY AT SERANGOON,"893,000",613.55,"1,455",Feb-19,SERANGOON NORTH AVENUE 1,New Sale,Strata,57,"15,667",-,Apartment,1,99 yrs lease commencing from 2018,19,Outside Central Region,01 to 05
AFFINITY AT SERANGOON,"936,000",613.55,"1,526",Feb-19,SERANGOON NORTH AVENUE 1,New Sale,Strata,57,"16,421",-,Apartment,1,99 yrs lease commencing from 2018,19,Outside Central Region,11 to 15
RIVERFRONT RESIDENCES,"1,447,000","1,108.69","1,305",Feb-19,HOUGANG AVENUE 7,New Sale,Strata,103,"14,049",-,Apartment,1,99 yrs lease commencing from 2018,19,Outside Central Region,11 to 15
RIVERFRONT RESIDENCES,"615,000",462.85,"1,329",Feb-19,HOUGANG AVENUE 7,New Sale,Strata,43,"14,302",-,Apartment,1,99 yrs lease commencing from 2018,19,Outside Central Region,11 to 15
RIVERFRONT RESIDENCES,"845,000",602.78,"1,402",Feb-19,HOUGANG AVENUE 7,New Sale,Strata,56,"15,089",-,Apartment,1,99 yrs lease commencing from 2018,19,Outside Central Region,11 to 15
RIVERFRONT RESIDENCES,"985,000",721.19,"1,366",Feb-19,HOUGANG AVENUE 7,New Sale,Strata,67,"14,701",-,Apartment,1,99 yrs lease commencing from 2018,19,Outside Central Region,16 to 20
THE GARDEN RESIDENCES,"948,900",613.55,"1,547",Feb-19,SERANGOON NORTH VIEW,New Sale,Strata,57,"16,647",-,Apartment,1,99 yrs lease commencing from 2017,19,Outside Central Region,06 to 10
MAYFAIR GARDENS,"1,657,000",850.36,"1,949",Feb-19,RIFLE RANGE ROAD,New Sale,Strata,79,"20,975",-,Condominium,1,99 yrs lease commencing from 2018,21,Rest of Central Region,01 to 05
AFFINITY AT SERANGOON,"708,000",473.62,"1,495",Feb-19,SERANGOON NORTH AVENUE 1,New Sale,Strata,44,"16,091",-,Apartment,1,99 yrs lease commencing from 2018,19,Outside Central Region,01 to 05
AFFINITY AT SERANGOON,"1,600,000","1,076.4","1,486",Feb-19,SERANGOON NORTH AVENUE 1,New Sale,Strata,100,"16,000",-,Apartment,1,99 yrs lease commencing from 2018,19,Outside Central Region,06 to 10
RIVERFRONT RESIDENCES,"815,000",602.78,"1,352",Feb-19,HOUGANG AVENUE 7,New Sale,Strata,56,"14,554",-,Apartment,1,99 yrs lease commencing from 2018,19,Outside Central Region,11 to 15
RIVERFRONT RESIDENCES,"1,148,000",914.94,"1,255",Feb-19,HOUGANG AVENUE 7,New Sale,Strata,85,"13,506",-,Apartment,1,99 yrs lease commencing from 2018,19,Outside Central Region,06 to 10
RIVERFRONT RESIDENCES,"594,000",462.85,"1,283",Feb-19,HOUGANG AVENUE 7,New Sale,Strata,43,"13,814",-,Apartment,1,99 yrs lease commencing from 2018,19,Outside Central Region,01 to 05
RIVERFRONT RESIDENCES,"1,466,000","1,108.69","1,322",Feb-19,HOUGANG AVENUE 7,New Sale,Strata,103,"14,233",-,Apartment,1,99 yrs lease commencing from 2018,19,Outside Central Region,11 to 15
RIVERFRONT RESIDENCES,"929,000",721.19,"1,288",Feb-19,HOUGANG AVENUE 7,New Sale,Strata,67,"13,866",-,Apartment,1,99 yrs lease commencing from 2018,19,Outside Central Region,01 to 05
RIVERFRONT RESIDENCES,"1,878,000","1,485.43","1,264",Feb-19,HOUGANG AVENUE 7,New Sale,Strata,138,"13,609",-,Apartment,1,99 yrs lease commencing from 2018,19,Outside Central Region,06 to 10
RIVERFRONT RESIDENCES,"1,407,000","1,108.69","1,269",Feb-19,HOUGANG AVENUE 7,New Sale,Strata,103,"13,660",-,Apartment,1,99 yrs lease commencing from 2018,19,Outside Central Region,06 to 10
MAYFAIR GARDENS,"1,968,000","1,065.64","1,847",Feb-19,RIFLE RANGE ROAD,New Sale,Strata,99,"19,879",-,Condominium,1,99 yrs lease commencing from 2018,21,Rest of Central Region,01 to 05
MAYFAIR GARDENS,"1,988,000","1,065.64","1,866",Feb-19,RIFLE RANGE ROAD,New Sale,Strata,99,"20,081",-,Condominium,1,99 yrs lease commencing from 2018,21,Rest of Central Region,01 to 05
AFFINITY AT SERANGOON,"799,000",538.2,"1,485",Feb-19,SERANGOON NORTH AVENUE 1,New Sale,Strata,50,"15,980",-,Apartment,1,99 yrs lease commencing from 2018,19,Outside Central Region,11 to 15
THE SEA VIEW,"3,050,000","1,646.89","1,852",Feb-19,AMBER ROAD,Resale,Strata,153,"19,935",-,Condominium,1,Freehold,15,Rest of Central Region,06 to 10
LAGOON VIEW,"1,420,000","1,646.89",862,Feb-19,MARINE PARADE ROAD,Resale,Strata,153,"9,281",-,Apartment,1,99 yrs lease commencing from 1977,15,Outside Central Region,16 to 20
RIVERFRONT RESIDENCES,"944,000",721.19,"1,309",Feb-19,HOUGANG AVENUE 7,New Sale,Strata,67,"14,090",-,Apartment,1,99 yrs lease commencing from 2018,19,Outside Central Region,11 to 15
THE PROMENADE@PELIKAT,"938,000",947.23,990,Feb-19,JALAN PELIKAT,Resale,Strata,88,"10,659",-,Apartment,1,Freehold,19,Outside Central Region,01 to 05
BARTLEY RESIDENCES,"1,438,000","1,065.64","1,349",Feb-19,LORONG HOW SUN,Resale,Strata,99,"14,525",-,Apartment,1,99 yrs lease commencing from 2011,19,Outside Central Region,11 to 15
SAVANNAH CONDOPARK,"1,310,000","1,453.14",901,Feb-19,SIMEI RISE,Resale,Strata,135,"9,704",-,Condominium,1,99 yrs lease commencing from 2000,18,Outside Central Region,01 to 05
SELANTING GREEN,"1,280,000","1,302.44",983,Feb-19,JALAN SELANTING,Resale,Strata,121,"10,579",-,Apartment,1,Freehold,21,Rest of Central Region,06 to 10
AFFINITY AT SERANGOON,"711,000",484.38,"1,468",Feb-19,SERANGOON NORTH AVENUE 1,New Sale,Strata,45,"15,800",-,Apartment,1,99 yrs lease commencing from 2018,19,Outside Central Region,01 to 05
AFFINITY AT SERANGOON,"1,420,000",904.18,"1,570",Feb-19,SERANGOON NORTH AVENUE 1,New Sale,Strata,84,"16,905",-,Apartment,1,99 yrs lease commencing from 2018,19,Outside Central Region,06 to 10
THE TAPESTRY,"1,295,190",990.29,"1,308",Feb-19,TAMPINES STREET 86,New Sale,Strata,92,"14,078",-,Condominium,1,99 yrs lease commencing from 2017,18,Outside Central Region,11 to 15
THE QUARTZ,"1,182,000","1,205.57",980,Feb-19,COMPASSVALE BOW,Resale,Strata,112,"10,554",-,Condominium,1,99 yrs lease commencing from 2005,19,Outside Central Region,11 to 15
COSTA RHU,"3,118,000","2,163.56","1,441",Feb-19,RHU CROSS,Resale,Strata,201,"15,512",-,Condominium,1,99 yrs lease commencing from 1994,15,Rest of Central Region,11 to 15
THE BEVERLY,"2,450,000","1,797.59","1,363",Feb-19,TOH TUCK ROAD,Resale,Strata,167,"14,671",-,Apartment,1,Freehold,21,Rest of Central Region,01 to 05
WATERTOWN,"750,000",581.26,"1,290",Feb-19,PUNGGOL CENTRAL,Sub Sale,Strata,54,"13,889",-,Apartment,1,99 yrs lease commencing from 2011,19,Outside Central Region,06 to 10
CASA ROSA,"1,000,000","1,130.22",885,Feb-19,LORONG ONG LYE,Resale,Strata,105,"9,524",-,Condominium,1,99 yrs lease commencing from 1998,19,Outside Central Region,01 to 05
PARC ELEGANCE,"600,000",398.27,"1,507",Feb-19,TELOK KURAU ROAD,Resale,Strata,37,"16,216",-,Apartment,1,Freehold,15,Outside Central Region,01 to 05
RIVERSAILS,"925,000",882.65,"1,048",Feb-19,UPPER SERANGOON CRESCENT,Resale,Strata,82,"11,280",-,Condominium,1,99 yrs lease commencing from 2011,19,Outside Central Region,11 to 15
FERRARIA PARK CONDOMINIUM,"850,000",882.65,963,Feb-19,FLORA DRIVE,Resale,Strata,82,"10,366",-,Condominium,1,Freehold,17,Outside Central Region,06 to 10
WATERVIEW,"1,180,000","1,130.22","1,044",Feb-19,TAMPINES AVENUE 1,Resale,Strata,105,"11,238",-,Condominium,1,99 yrs lease commencing from 2010,18,Outside Central Region,06 to 10
THE ESTA,"1,850,000","1,001.05","1,848",Feb-19,AMBER GARDENS,Resale,Strata,93,"19,892",-,Condominium,1,Freehold,15,Rest of Central Region,11 to 15
WATERTOWN,"1,300,000",958,"1,357",Feb-19,PUNGGOL CENTRAL,Sub Sale,Strata,89,"14,607",-,Apartment,1,99 yrs lease commencing from 2011,19,Outside Central Region,06 to 10
THE GARDEN RESIDENCES,"750,500",516.67,"1,453",Feb-19,SERANGOON NORTH VIEW,New Sale,Strata,48,"15,635",-,Apartment,1,99 yrs lease commencing from 2017,19,Outside Central Region,06 to 10
MAYFAIR GARDENS,"1,650,000",828.83,"1,991",Feb-19,RIFLE RANGE ROAD,New Sale,Strata,77,"21,429",-,Condominium,1,99 yrs lease commencing from 2018,21,Rest of Central Region,01 to 05
KINGS APARTMENTS,"1,250,000","1,216.33","1,028",Feb-19,LORONG K TELOK KURAU,Resale,Strata,113,"11,062",-,Apartment,1,Freehold,15,Outside Central Region,01 to 05
AFFINITY AT SERANGOON,"1,763,000","1,151.75","1,531",Feb-19,SERANGOON NORTH AVENUE 1,New Sale,Strata,107,"16,477",-,Apartment,1,99 yrs lease commencing from 2018,19,Outside Central Region,06 to 10
AFFINITY AT SERANGOON,"1,074,000",731.95,"1,467",Feb-19,SERANGOON NORTH AVENUE 1,New Sale,Strata,68,"15,794",-,Apartment,1,99 yrs lease commencing from 2018,19,Outside Central Region,01 to 05
COUNTRY PARK CONDOMINIUM,"1,390,000","1,087.16","1,279",Feb-19,BEDOK ROAD,Resale,Strata,101,"13,762",-,Condominium,1,Freehold,16,Outside Central Region,01 to 05
RIVERFRONT RESIDENCES,"669,000",516.67,"1,295",Feb-19,HOUGANG AVENUE 7,New Sale,Strata,48,"13,938",-,Apartment,1,99 yrs lease commencing from 2018,19,Outside Central Region,06 to 10
CARISSA PARK CONDOMINIUM,"630,000",624.31,"1,009",Feb-19,FLORA DRIVE,Resale,Strata,58,"10,862",-,Condominium,1,Freehold,17,Outside Central Region,01 to 05
RIPPLE BAY,"800,000",775.01,"1,032",Feb-19,PASIR RIS LINK,Resale,Strata,72,"11,111",-,Condominium,1,99 yrs lease commencing from 2011,18,Outside Central Region,06 to 10
STRATUM,"2,218,000","2,260.44",981,Feb-19,ELIAS ROAD,Resale,Strata,210,"10,562",-,Condominium,1,99 yrs lease commencing from 2012,18,Outside Central Region,01 to 05
WATERTOWN,"720,000",602.78,"1,194",Feb-19,PUNGGOL CENTRAL,Sub Sale,Strata,56,"12,857",-,Apartment,1,99 yrs lease commencing from 2011,19,Outside Central Region,01 to 05
THE MINTON,"1,135,000","1,108.69","1,024",Feb-19,HOUGANG STREET 11,Resale,Strata,103,"11,019",-,Condominium,1,99 yrs lease commencing from 2007,19,Outside Central Region,06 to 10
THE GARDEN RESIDENCES,"711,200",452.09,"1,573",Feb-19,SERANGOON NORTH VIEW,New Sale,Strata,42,"16,933",-,Apartment,1,99 yrs lease commencing from 2017,19,Outside Central Region,11 to 15
HIGH OAK CONDOMINIUM,"968,000",990.29,977,Feb-19,TOH TUCK ROAD,Resale,Strata,92,"10,522",-,Condominium,1,99 yrs lease commencing from 1996,21,Rest of Central Region,01 to 05
BLU CORAL,"1,538,000","2,109.74",729,Feb-19,LORONG L TELOK KURAU,Resale,Strata,196,"7,847",-,Condominium,1,Freehold,15,Outside Central Region,01 to 05
AFFINITY AT SERANGOON,"1,760,000","1,151.75","1,528",Feb-19,SERANGOON NORTH AVENUE 1,New Sale,Strata,107,"16,449",-,Apartment,1,99 yrs lease commencing from 2018,19,Outside Central Region,06 to 10
SAVANNAH CONDOPARK,"1,210,000","1,453.14",833,Feb-19,SIMEI RISE,Resale,Strata,135,"8,963",-,Condominium,1,99 yrs lease commencing from 2000,18,Outside Central Region,01 to 05
RIVERFRONT RESIDENCES,"947,000",721.19,"1,313",Feb-19,HOUGANG AVENUE 7,New Sale,Strata,67,"14,134",-,Apartment,1,99 yrs lease commencing from 2018,19,Outside Central Region,16 to 20
HIGHLAND CONDOMINIUM,"1,700,000","1,851.41",918,Feb-19,HIGHLAND ROAD,Resale,Strata,172,"9,884",-,Condominium,1,Freehold,19,Outside Central Region,-
A TREASURE TROVE,"1,220,000","1,044.11","1,168",Feb-19,PUNGGOL WALK,Resale,Strata,97,"12,577",-,Condominium,1,99 yrs lease commencing from 2011,19,Outside Central Region,11 to 15
KENSINGTON PARK CONDOMINIUM,"1,420,000","1,248.62","1,137",Feb-19,KENSINGTON PARK DRIVE,Resale,Strata,116,"12,241",-,Condominium,1,999 yrs lease commencing from 1878,19,Outside Central Region,06 to 10
DAHLIA PARK CONDOMINIUM,"1,030,000","1,270.15",811,Feb-19,FLORA DRIVE,Resale,Strata,118,"8,729",-,Condominium,1,Freehold,17,Outside Central Region,06 to 10
SEASIDE RESIDENCES,"2,032,150","1,087.16","1,869",Feb-19,SIGLAP LINK,New Sale,Strata,101,"20,120",-,Apartment,1,99 yrs lease commencing from 2016,15,Outside Central Region,16 to 20
ROYAL COURT,"1,430,000","1,302.44","1,098",Feb-19,JALAN RAJAWALI,Resale,Strata,121,"11,818",-,Apartment,1,Freehold,21,Rest of Central Region,06 to 10
AFFINITY AT SERANGOON,"1,200,000",731.95,"1,639",Feb-19,SERANGOON NORTH AVENUE 1,New Sale,Strata,68,"17,647",-,Apartment,1,99 yrs lease commencing from 2018,19,Outside Central Region,11 to 15
EVERGREEN PARK,"870,000","1,248.62",697,Feb-19,HOUGANG AVENUE 7,Resale,Strata,116,"7,500",-,Apartment,1,99 yrs lease commencing from 1995,19,Outside Central Region,11 to 15
RIVERFRONT RESIDENCES,"721,000",516.67,"1,395",Feb-19,HOUGANG AVENUE 7,New Sale,Strata,48,"15,021",-,Apartment,1,99 yrs lease commencing from 2018,19,Outside Central Region,01 to 05
SAVANNAH CONDOPARK,"1,280,000","1,754.53",730,Feb-19,SIMEI RISE,Resale,Strata,163,"7,853",-,Condominium,1,99 yrs lease commencing from 2000,18,Outside Central Region,01 to 05
SPRINGDALE CONDOMINIUM,"1,410,000","1,130.22","1,248",Feb-19,HINDHEDE WALK,Resale,Strata,105,"13,429",-,Condominium,1,999 yrs lease commencing from 1877,21,Outside Central Region,06 to 10
THE TAPESTRY,"802,710",602.78,"1,332",Feb-19,TAMPINES STREET 86,New Sale,Strata,56,"14,334",-,Condominium,1,99 yrs lease commencing from 2017,18,Outside Central Region,01 to 05
THE TAPESTRY,"1,155,060",990.29,"1,166",Feb-19,TAMPINES STREET 86,New Sale,Strata,92,"12,555",-,Condominium,1,99 yrs lease commencing from 2017,18,Outside Central Region,01 to 05
EDELWEISS PARK CONDOMINIUM,"1,123,000","1,270.15",884,Feb-19,FLORA ROAD,Resale,Strata,118,"9,517",-,Condominium,1,Freehold,17,Outside Central Region,01 to 05
SIGNATURE PARK,"1,330,000","1,033.34","1,287",Feb-19,TOH TUCK ROAD,Resale,Strata,96,"13,854",-,Condominium,1,Freehold,21,Rest of Central Region,06 to 10
FLAMINGO VALLEY,"1,290,000",861.12,"1,498",Feb-19,SIGLAP ROAD,Resale,Strata,80,"16,125",-,Condominium,1,Freehold,15,Outside Central Region,01 to 05
BLU CORAL,"1,300,000","1,162.51","1,118",Feb-19,LORONG L TELOK KURAU,Resale,Strata,108,"12,037",-,Condominium,1,Freehold,15,Outside Central Region,01 to 05
TANJONG RIA CONDOMINIUM,"1,300,000","1,237.86","1,050",Feb-19,TANJONG RHU ROAD,Resale,Strata,115,"11,304",-,Condominium,1,99 yrs lease commencing from 1993,15,Rest of Central Region,16 to 20
COSTA DEL SOL,"2,100,000","1,560.78","1,345",Feb-19,BAYSHORE ROAD,Resale,Strata,145,"14,483",-,Condominium,1,99 yrs lease commencing from 1997,16,Outside Central Region,26 to 30
SANCTUARY GREEN,"1,028,000",947.23,"1,085",Feb-19,TANJONG RHU ROAD,Resale,Strata,88,"11,682",-,Condominium,1,99 yrs lease commencing from 1997,15,Rest of Central Region,01 to 05
THE GARDEN RESIDENCES,"683,900",452.09,"1,513",Feb-19,SERANGOON NORTH VIEW,New Sale,Strata,42,"16,283",-,Apartment,1,99 yrs lease commencing from 2017,19,Outside Central Region,01 to 05
AFFINITY AT SERANGOON,"1,431,000",904.18,"1,583",Feb-19,SERANGOON NORTH AVENUE 1,New Sale,Strata,84,"17,036",-,Apartment,1,99 yrs lease commencing from 2018,19,Outside Central Region,06 to 10
RIVERFRONT RESIDENCES,"699,000",516.67,"1,353",Feb-19,HOUGANG AVENUE 7,New Sale,Strata,48,"14,563",-,Apartment,1,99 yrs lease commencing from 2018,19,Outside Central Region,01 to 05
THE GARDEN RESIDENCES,"935,500",613.55,"1,525",Feb-19,SERANGOON NORTH VIEW,New Sale,Strata,57,"16,412",-,Apartment,1,99 yrs lease commencing from 2017,19,Outside Central Region,06 to 10
THE GARDEN RESIDENCES,"693,500",452.09,"1,534",Feb-19,SERANGOON NORTH VIEW,New Sale,Strata,42,"16,512",-,Apartment,1,99 yrs lease commencing from 2017,19,Outside Central Region,06 to 10
DAINTREE RESIDENCE,"1,653,950","1,001.05","1,633",Feb-19,TOH TUCK ROAD,New Sale,Strata,93,"17,581","1,635,062",Condominium,1,99 yrs lease commencing from 2017,21,Rest of Central Region,01 to 05
AFFINITY AT SERANGOON,"1,167,000",753.48,"1,549",Feb-19,SERANGOON NORTH AVENUE 1,New Sale,Strata,70,"16,671",-,Apartment,1,99 yrs lease commencing from 2018,19,Outside Central Region,06 to 10
AFFINITY AT SERANGOON,"918,000",613.55,"1,496",Feb-19,SERANGOON NORTH AVENUE 1,New Sale,Strata,57,"16,105",-,Apartment,1,99 yrs lease commencing from 2018,19,Outside Central Region,06 to 10
AFFINITY AT SERANGOON,"913,000",613.55,"1,488",Feb-19,SERANGOON NORTH AVENUE 1,New Sale,Strata,57,"16,018",-,Apartment,1,99 yrs lease commencing from 2018,19,Outside Central Region,11 to 15
AFFINITY AT SERANGOON,"904,000",613.55,"1,473",Feb-19,SERANGOON NORTH AVENUE 1,New Sale,Strata,57,"15,860",-,Apartment,1,99 yrs lease commencing from 2018,19,Outside Central Region,06 to 10
THE GARDEN RESIDENCES,"929,700",613.55,"1,515",Feb-19,SERANGOON NORTH VIEW,New Sale,Strata,57,"16,311",-,Apartment,1,99 yrs lease commencing from 2017,19,Outside Central Region,01 to 05
THE GARDEN RESIDENCES,"680,715",452.09,"1,506",Feb-19,SERANGOON NORTH VIEW,New Sale,Strata,42,"16,208",-,Apartment,1,99 yrs lease commencing from 2017,19,Outside Central Region,01 to 05
THE PANORAMA,"710,000",452.09,"1,570",Feb-19,ANG MO KIO AVENUE 2,Resale,Strata,42,"16,905",-,Condominium,1,99 yrs lease commencing from 2013,20,Outside Central Region,11 to 15
SEASIDE RESIDENCES,"1,334,400",678.13,"1,968",Feb-19,SIGLAP LINK,New Sale,Strata,63,"21,181",-,Apartment,1,99 yrs lease commencing from 2016,15,Outside Central Region,21 to 25
BEDOK RESIDENCES,"1,800,000","1,119.46","1,608",Feb-19,BEDOK NORTH DRIVE,Resale,Strata,104,"17,308",-,Apartment,1,99 yrs lease commencing from 2011,16,Outside Central Region,11 to 15
AFFINITY AT SERANGOON,"1,613,000","1,076.4","1,499",Feb-19,SERANGOON NORTH AVENUE 1,New Sale,Strata,100,"16,130",-,Apartment,1,99 yrs lease commencing from 2018,19,Outside Central Region,11 to 15
AFFINITY AT SERANGOON,"788,000",538.2,"1,464",Feb-19,SERANGOON NORTH AVENUE 1,New Sale,Strata,50,"15,760",-,Apartment,1,99 yrs lease commencing from 2018,19,Outside Central Region,06 to 10
AFFINITY AT SERANGOON,"1,143,000",731.95,"1,562",Feb-19,SERANGOON NORTH AVENUE 1,New Sale,Strata,68,"16,809",-,Apartment,1,99 yrs lease commencing from 2018,19,Outside Central Region,06 to 10
BEDOK RESIDENCES,"838,000",548.96,"1,527",Feb-19,BEDOK NORTH DRIVE,Resale,Strata,51,"16,431",-,Apartment,1,99 yrs lease commencing from 2011,16,Outside Central Region,11 to 15
THE GARDEN RESIDENCES,"1,603,800","1,162.51","1,380",Feb-19,SERANGOON NORTH VIEW,New Sale,Strata,108,"14,850",-,Apartment,1,99 yrs lease commencing from 2017,19,Outside Central Region,11 to 15
AFFINITY AT SERANGOON,"897,000",613.55,"1,462",Feb-19,SERANGOON NORTH AVENUE 1,New Sale,Strata,57,"15,737",-,Apartment,1,99 yrs lease commencing from 2018,19,Outside Central Region,01 to 05
RIVERFRONT RESIDENCES,"1,189,000",871.88,"1,364",Feb-19,HOUGANG AVENUE 7,New Sale,Strata,81,"14,679",-,Apartment,1,99 yrs lease commencing from 2018,19,Outside Central Region,06 to 10
SAVANNAH CONDOPARK,"1,330,000","1,453.14",915,Feb-19,SIMEI RISE,Resale,Strata,135,"9,852",-,Condominium,1,99 yrs lease commencing from 2000,18,Outside Central Region,06 to 10
FERRARIA PARK CONDOMINIUM,"865,000",914.94,945,Feb-19,FLORA DRIVE,Resale,Strata,85,"10,176",-,Condominium,1,Freehold,17,Outside Central Region,06 to 10
SYMPHONY HEIGHTS,"1,730,000","1,539.25","1,124",Feb-19,HUME AVENUE,Resale,Strata,143,"12,098",-,Condominium,1,Freehold,21,Outside Central Region,01 to 05
THE DOMAIN,"1,500,000","1,377.79","1,089",Feb-19,EAST COAST ROAD,Resale,Strata,128,"11,719",-,Apartment,1,Freehold,15,Outside Central Region,01 to 05
THE PANORAMA,"1,510,000","1,011.82","1,492",Feb-19,ANG MO KIO AVENUE 2,Resale,Strata,94,"16,064",-,Condominium,1,99 yrs lease commencing from 2013,20,Outside Central Region,01 to 05
THE MINTON,"1,050,000","1,108.69",947,Feb-19,HOUGANG STREET 11,Resale,Strata,103,"10,194",-,Condominium,1,99 yrs lease commencing from 2007,19,Outside Central Region,01 to 05
AFFINITY AT SERANGOON,"1,097,000",731.95,"1,499",Feb-19,SERANGOON NORTH AVENUE 1,New Sale,Strata,68,"16,132",-,Apartment,1,99 yrs lease commencing from 2018,19,Outside Central Region,06 to 10
CHUAN PARK,"1,140,000","1,173.28",972,Feb-19,LORONG CHUAN,Resale,Strata,109,"10,459",-,Condominium,1,99 yrs lease commencing from 1980,19,Outside Central Region,21 to 25
AFFINITY AT SERANGOON,"1,276,000",850.36,"1,501",Feb-19,SERANGOON NORTH AVENUE 1,New Sale,Strata,79,"16,152",-,Apartment,1,99 yrs lease commencing from 2018,19,Outside Central Region,06 to 10
THE GLACIER,"1,770,000","2,249.68",787,Feb-19,JOO CHIAT PLACE,Resale,Strata,209,"8,469",-,Apartment,1,Freehold,15,Outside Central Region,01 to 05
THE TAPESTRY,"1,255,500",990.29,"1,268",Feb-19,TAMPINES STREET 86,New Sale,Strata,92,"13,647",-,Condominium,1,99 yrs lease commencing from 2017,18,Outside Central Region,01 to 05
NV RESIDENCES,"1,290,000","1,453.14",888,Feb-19,PASIR RIS GROVE,Resale,Strata,135,"9,556",-,Condominium,1,99 yrs lease commencing from 2008,18,Outside Central Region,06 to 10
PARC OLYMPIA,"765,000",775.01,987,Feb-19,FLORA DRIVE,Resale,Strata,72,"10,625",-,Condominium,1,99 yrs lease commencing from 2012,17,Outside Central Region,01 to 05
THE MINTON,"1,150,000",979.52,"1,174",Feb-19,HOUGANG STREET 11,Resale,Strata,91,"12,637",-,Condominium,1,99 yrs lease commencing from 2007,19,Outside Central Region,06 to 10
AFFINITY AT SERANGOON,"903,000",613.55,"1,472",Feb-19,SERANGOON NORTH AVENUE 1,New Sale,Strata,57,"15,842",-,Apartment,1,99 yrs lease commencing from 2018,19,Outside Central Region,01 to 05
